ZDM Mathematics Education;ZDM Mathematics Education Mathematics Education Mathematics general;ZDM Mathematics Education is one of the oldest mathematics education research journals in publication The journal surveys discusses and builds upon current research and theoreticalbased perspectives in mathematics education In addition it serves as a forum for critical analysis of issues within the field All the papers published in the journals seven annual themed issues are strictly by invitation These papers are subject to an internal peer review by selected members from the editorial board as well as an external review by invited experts The journal targets readers from around the world in mathematics education research who are interested in current developments in the field Surveys discusses and builds upon current research and theoreticalbased perspectives in mathematics education Publishes invitationonly papers in seven annual themed issues One of the oldest mathematics education research journals in publication Serves as a forum for critical analysis of issues within the field 100 of authors who answered a survey reported that they would definitely publish or probably publish in the journal again
Zeitschrift fr Allgemeinmedizin;Zeitschrift fr Allgemeinmedizin General Practice Family Medicine MedicinePublic Health general Primary Care Medicine Emergency Medicine;Die Zeitschrift fr Allgemeinmedizin ist das offizielle Organ der Deutschen Gesellschaft fr Allgemeinmedizin und Familienmedizin DEGAM und der Gesellschaft der Hochschullehrer fr Allgemeinmedizin GHA und erscheint achtmal im Jahr Die Zeitschrift steht fr den Transfer von wissenschaftlichen Erkenntnissen in Praxis und Aus Fort und Weiterbildung im Fachgebiet der Allgemeinmedizin Sie frdert den Austausch in und zwischen den Fachgesellschaften Verffentlicht werden Originalarbeiten Lehrforschung und Didaktik Berichte Diskussionsbeitrge CME Zertifizierte Fortbildungen und Nachrichten aus den Fachgesellschaften
Zeitschrift fr Arbeitswissenschaft;Zeitschrift fr Arbeitswissenschaft Engineering Economics Organization Logistics Marketing Occupational MedicineIndustrial Medicine Human Resource Management Organizational Studies Economic Sociology;Die Zeitschrift fr Arbeitswissenschaft ist die zentrale deutschsprachige arbeitswissenschaftliche Zeitschrift und das Organ der Gesellschaft fr Arbeitswissenschaft GfA eV Bereits seit ber 70 Jahren hat sich die Zeitschrift fr Arbeitswissenschaft der groen und interdisziplinren Themenpalette der Ergonomie verschrieben In wissenschaftlichen Beitrgen werden die neuesten Forschungsergebnisse zeitnah verffentlich in den praxisorientieren Beitrgen werden wissenschaftliche Informationen verstndlich und umsetzbar fr den Praktiker aufbereitet Die Zeitschrift ist interdisziplinr ausgerichtet und beinhaltet Informationen und Stellungnahmen zahlreicher Fachdisziplinen wie beispielsweise Ergonomie Psychologie Medizin Physiologie Anthropometrie Soziologie Wirtschaftswissenschaften Ingenieurwesen Die Schwerpunkte der Zeitschrift fr Arbeitswissenschaft liegen auf ergonomischen technischen organisatorischen und sozialen Bedingungen von Arbeit und Arbeitsprozessen Die Zeitschrift erscheint vier Mal jhrlich mit freien Beitrgen oder Themenheften zu aktuellen arbeitswissenschaftlichen Fragestellungen Die eingereichten Beitrge werden im DoppelBlindVerfahren von mindestens zwei fachkundigen Gutachtern beurteilt Sollten Sie Probleme oder Fragen haben stehen wir Ihnen gerne zur Verfgung Bitte nehmen Sie Kontakt mit uns auf Prof Dr habil Yvonne Ferreira Redaktion Zeitschrift fr Arbeitswissenschaft Germannstrae 31 D64409 Messel Tel 06159 25 33 88 Fax 06159 20 21 85 EMail zfaredaktionzfaonlinede interdisziplinr Ergonomie Psychologie Physiologie Anthropometrie Soziologie Wirtschaftswissenschaften aktuell erscheint vier Mal im Jahr international mit umfangreicher englischer Zusammenfassung und franzsischem Abstract wissenschaftlich fundiert doubleblind peer review
Zeitschrift fr Auen und Sicherheitspolitik;Zeitschrift fr Auen und Sicherheitspolitik Political Science and International Relations general International Security Studies International Relations German Politics;Die Zeitschrift fr Auen und Sicherheitspolitik ZfAS ist die Zeitschrift fr theoriegeleitete und empirisch gehaltvolle Auenpolitikanalysen sicherheitspolitische Studien und Analysen der internationalen Politik Sie bietet ein Forum in dem Entwicklungen der internationalen Beziehungen und ihre Effekte auf auen und sicherheitspolitische Prozesse ebenso diskutiert werden wie die Wirkungen auen und sicherheitspolitischer Entscheidungen auf die internationale Ordnung Auenpolitik und Sicherheitspolitik werden dabei umfassend definiert Die Zeitschrift deckt smtliche Teilbereiche der Auenpolitik ab Sie geht zudem von einem erweiterten Sicherheitsbegriff aus der auch die Vernderungen im Verhltnis von innerer und uerer Sicherheit erfasst
Zeitschrift fr Bevlkerungswissenschaft;Zeitschrift fr Bevlkerungswissenschaft Social Sciences general;
Zeitschrift fr Bildungsforschung;Zeitschrift fr Bildungsforschung Education general Research Methods in Education Educational Policy and Politics;Die Zeitschrift fr Bildungsforschung ZBF versteht sich als Forum fr Originalbeitrge die Innovationen im Bildungswesen anregen zur Diskussion stellen begleiten und theoretisch absichern und damit eine evidenzbasierte Weiterentwicklung im Bildungswesen untersttzen Der Titel gebende Begriff Bildung wird dabei in einem weiten Sinne als Umschreibung des Forschungsfeldes aber auch als Zieldimension die es empirisch theoretisch und auch historisch zu analysieren gilt verstanden Der Begriff Forschung gilt ohne Einschrnkung auf bestimmte methodische Zugnge Als Organ der sterreichischen Gesellschaft fr Forschung und Entwicklung im Bildungswesen FEB verfolgt die Zeitschrift einerseits nationale Ziele versteht sich aber zugleich als offen fr die internationale speziell deutschsprachige Forschung Neben der statutengemen Frderung von Forschung und Entwicklung im Bildungswesen dient die Zeitschrift auch der Vernetzung ihrer Mitglieder Sie untersttzt die Verbreitung von doppelblind begutachteten Forschungsergebnissen und frdert dadurch die Forscherinnen und Forscher in ihrer Arbeit Die Zeitschrift hat interdisziplinren Charakter Alle wissenschaftlichen Fachrichtungen die Bildungsprozesse einrichtungen oder systeme zu Gegenstand haben sind in ihr vertreten Neben gehaltvollen und methodisch abgesicherten empirischen Originalbeitrgen die die Entwicklung von Bildungssystemen die Bildungspolitik und die Evaluationsforschung thematisieren publiziert die Zeitschrift fr Bildungsforschung bildungstheoretische und philosophische Abhandlungen zu Grundlagen und Grundannahmen des Bildungswesens sowie Methodenbeitrge die der Weiterentwicklung bildungswissenschaftlicher Methoden dienen Systematisch angelegte ReviewArtikel Registered Reports und Think Pieces die durch ihre pointierten Analysen informative Beitrge zur kritischen Hinterfragung tradierter Bildungsmythen leisten runden das breite Spektrum ab
Zeitschrift fr Didaktik der Naturwissenschaften;Zeitschrift fr Didaktik der Naturwissenschaften Science Education ChemistryFood Science general Life Sciences general Earth Sciences general Physics general;Call for Proposals Die ZfDN wird jhrlich ein Supplement von mindestens 5 Beitrgen zu einem ausgewhlten Schwerpunkt verffentlichen Weitere Informationen finden Sie hier httpswwwspringercomjournal40573updates Die ZfDN ist eine wissenschaftliche Zeitschrift fr die Didaktiken der naturwissenschaftlichen Fcher Biologie Chemie und Physik einschlielich des naturwissenschaftlichen Anteils des Sachunterrichts Sie ist die Verbandszeitschrift der Gesellschaft fr Didaktik der Chemie und Physik GDCP und der Fachsektion Didaktik der Biologie FDdB im Verband Biologie Biowissenschaften und Biomedizin VBIO In der ZfDN werden Beitrge mit einem wissenschaftlichen Erkenntnisinteresse zum Lehren Lernen und zur Professionalisierung zu einem naturwissenschaftsbezogenen Sachverhalt bzw zu einer naturwissenschaftsbezogenen Domne publiziert Dies sind wissenschaftliche OriginalArbeiten die Bezge zu bildungswissenschaftlichen Theorien Fragestellungen empirischen Befunden und Methoden herstellen In Vollbeitrgen knnen empirische Studien ebenso wie die theoriebasierte Strukturierung eines Forschungsfeldes Review und Metanalysen Validierungsstudien und Evaluationsstudien publiziert werden wenn sie einen substanziellen Beitrag zum bildungswissenschaftlichen Diskurs leisten Vollbeitrge umfassen blicherweise bis zu 50000 Zeichen im Gesamtumfang In Kurzbeitrgen knnen Rezensionen zu Beitrgen in der Domne Repliken zu theoretischen und empirischen Beitrgen fundierte Ergebnisberichte von Tagungsertrgen und hnliches publiziert werden Sie knnen auch im Sinne von Open Science als eine Form der Vorankndigung bzw PreRegistrierung genutzt werden Kurzbeitrge unterliegen den gleichen Qualittskriterien wie Vollbeitrge umfassen jedoch nur maximal 15000 Zeichen Die ZfDN publiziert Beitrge in deutscher oder englischer Sprache und erscheint seit 2014 beim SpringerVerlag Frhere Ausgaben finden Sie hier httparchivipnunikieldezfdnregisterhtm
Zeitschrift fr Energiewirtschaft;Zeitschrift fr Energiewirtschaft Energy Policy Economics and Management Renewable and Green Energy Energy Systems;Kurzprofil Die Zeitschrift fr Energiewirtschaft ist eine unabhngige Fachzeitschrift die ihren Lesern wissenschaftlich fundierte Hintergrundinformationen zu den aktuellen Themen der Energiewirtschaft und politik bietet Zielgruppen Praktiker Dozenten und Studenten der Energiewirtschaft Verwaltung Beratung und Forschung Das Themenspektrum umfasst Analysen von renommierten Forschungsinstituten und Unternehmensberatungen ber nationale und internationale Energiemrkte sowie der Auswirkung von energie und umweltpolitischen Entscheidungen auf die Energiewirtschaft und die einzelnen Sektoren zB Elektrizittswerke Gasindustrie Minerallindustrie etc Die Fachartikel der Zeitschrift fr Energiewirtschaft sind zustzlich recherchierbar in folgenden OnlinePortalen sowie Abstract und Zitatendatenbanken wwwspringerprofessionalde wwwspringerlinkde INSPEC Google Scholar CNKI EBSCO Discovery Service Gale Gale Academic OneFile INIS Atomindex International Bibliography of Book Reviews IBR International Bibliography of Periodical Literature IBZ International Bibliography of the Social Sciences IBSS OCLC WorldCat Discovery Service ProQuestExLibris Primo ProQuestExLibris Summon
Zeitschrift fr Erziehungswissenschaft;Zeitschrift fr Erziehungswissenschaft Education general Pedagogic Psychology Educational Policy and Politics Sociology of Education;Forum der wichtigen internationalen und interdisziplinren Entwicklungen aus Erziehung und Bildung Die Zeitschrift fr Erziehungswissenschaft ZfE ist ein reprsentatives wissenschaftliches Fachorgan fr die gesamte Erziehungswissenschaft Sie publiziert von Experten im doubleblind PeerReviewVerfahren begutachtete erstklassige empirische als auch theoretischkonzeptionelle Beitrge ber aktuelle wissenschaftliche Entwicklungen und bietet Interessenten an professionellem erziehungswissenschaftlichem Wissen interdisziplinre Forschungsergebnisse Durch die Auswahl der Herausgeber und Herausgeberinnen des Beirats und besonders durch die Themenwahl steht sie fr den interdisziplinren Charakter einer umfassenden Erziehungswissenschaft deren Gegenstand der gesamte Lebenslauf des Menschen ist Das Team der Herausgeber wurde so zusammengestellt dass eine hohe Pluralitt hinsichtlich wissenschaftstheoretischer Orientierungen der vertretenen Fachrichtungen der Nachbardisziplinen und der Sicherung internationaler Entwicklungen gewhrleistet ist Die ZfE berschreitet daher die traditionellen disziplinren Grenzen und verffentlicht Beitrge aus allen Bereichen der Erziehungswissenschaft sowie den angrenzenden Gebieten der Philosophie Geschichte Anthropologie Psychologie Bildungssoziologie und Bildungskonomie Sie ermglicht durch die gezielte Aufnahme internationaler englischsprachiger Beitrge einen Anschluss an die wissenschaftlichen Entwicklungen auerhalb Deutschlands Die Leser und Leserinnen der Zeitschrift verfgen somit ber ein Periodikum das ihnen die fr Erziehung und Bildung wichtigen internationalen und interdisziplinren Entwicklungen in weiten Bereichen der Erziehungswissenschaft zuverlssig nchtern und nachvollziehbar prsentiert Warum wurde die Zeitschrift fr Erziehungswissenschaft gegrndet Seit Ende des 20 Jahrhunderts hat sich die Situation der Erziehungswissenschaft grundlegend verndert Erziehungswissenschaft ist in Deutschland das zweitgrte Universittsfach Sie hat sich seit der Mitte des 20 Jahrhunderts etabliert professionalisiert und sie bietet ein breites Spektrum von Forschungsfeldern Sie gliedert sich inzwischen in 25 Subdisziplinen und Fachrichtungen deren Bedarf an bergreifenden fr alle Zweige wichtigen wissenschaftlichen Resultaten betrchtlich ist Personell steht das Fach in den Universitten und Hochschulen vor grundlegenden Vernderungen die sich aus der personellen Erneuerung sowohl in der Folge der deutschen Wiedervereinigung als auch als Resultat des altersbedingten Ausscheidens von ber 60 des wissenschaftlichen Personals ergeben Die Erziehungswissenschaft ist keine Disziplin mehr die sich gegenber den Resultaten anderer Disziplinen verschliet und ein provinzielles Proprium entwickelt Sie ist vielmehr eine beispielhaft interdisziplinre Wissenschaft geworden die sich zunchst gegenber den Geisteswissenschaften dann gegenber den Sozialwissenschaften produktiv geffnet hat und dieses nunmehr auch gegenber den Naturwissenschaften unternimmt Der europische Einigungsprozess hat erziehungswissenschaftliche Makrostrukturen wie die European Educational Research Association EERA hervorgerufen es laufen zahlreiche innereuropische Kooperationsprojekte und es besteht ein groes Interesse an der deutschen Erziehungswissenschaft im osteuropischen und asiatischen Raum Unter diesen Bedingungen ist ein wachsender Bedarf an internationalen wissenschaftlichen Resultaten in der Erziehungswissenschaft zu verzeichnen Erziehungswissenschaft ist nicht lnger mehr nur eine Disziplin die sich mit der Erziehung und Unterrichtung von Kindern befasst Die Ausweitung pdagogischer Interventionen im gesamten Lebenslauf ist in den zurckliegenden Jahrzehnten konsequent durchgefhrt worden Gegenstand der Erziehungswissenschaft ist heute der gesamte Lebenslauf des modernen Menschen Diese und weitere epochale Entwicklungen im Erziehungs und Bildungssystem sowie in den korrespondierenden Disziplinen verlangten konsequenterweise nach einem neuen Publikationsorgan in dem die divergenten Tendenzen konzentriert zur Darstellung gebracht werden knnen Erstmals erschienen im Frhjahr 1998 war die ZfE die erste erziehungswissenschaftliche Zeitschrift in Deutschland die das DoppelBlindPeerReview eingefhrt hatte Diese in anderen sozialwissenschaftlichen Disziplinen und im englischsprachigen Ausland selbstverstndliche Praxis des Peer Review dient der Qualittssicherung Mittlerweile ist die ZfE in der Fachcommunity bestens eingefhrt und erfreut sich gesteigerter Reputation Die Zeitschrift wird im Social Science Citation Index gelistet Das Profil der Zeitschrift fr Erziehungswissenschaft Bei der Grndung der Zeitschrift fr Erziehungswissenschaft haben die oben genannten der neuen Rahmenbedingungen am Ausgang des 20 Jahrhunderts eine besondere Rolle gespielt Sie haben zu folgenden Leitlinien der Zeitschrift fr Erziehungswissenschaft gefhrt ffnung von qualitativ hochstehender Forschung fr breite Rezipientenkreise Bekenntnis zur Interdisziplinaritt der Erziehungswissenschaft und Verzicht auf pdagogische Provinzialitt konsequente ffnung fr die internationale Entwicklung von Educational Research Schaffung eines Forums fr divergente wissenschaftliche Beschftigungen mit Erziehungs Bildungs und Sozialisationsvorgngen im gesamten Lebenslauf des modernen Menschen
Zeitschrift fr Ethik und Moralphilosophie;Zeitschrift fr Ethik und Moralphilosophie Ethics Moral Philosophy Modern Philosophy;Fachzeitschrift fr den Gesamtbereich der Ethik Metaethik normative und angewandte Ethik mit Peer Review Forum fr Forschung Lehre und Praxis Aktuelle ethische Debatten und ihre wissenschaftlichen Fundamente Die Zeitschrift fr Ethik und Moralphilosophie ZEMO Journal for Ethics and Moral Philosophy ist eine akademische begutachtete Fachzeitschrift fr alle Fragen und Probleme der Ethik und Moralphilosophie Aufgenommen werden auch Artikel aus anderen Disziplinen solange darin klare Bezge zu moralphilosophischen oder ethischen Themen zu finden sind In der Zeitschrift finden berlegungen zu allen Epochen Schulen und Traditionen Platz Es ist das erklrte Ziel der Zeitschrift das Feld der Ethik und Moralphilosophie in seiner ganzen Breite abzubilden Ein besonderer Schwerpunkt liegt auf der Diskussion der Grundlagen von Ethik und Moralphilosophie von den Quellen der Normativitt ber die Moralbegrndung bis hin zu den Fragen was Ethik ist und was es bedeutet sie anzuwenden Die ZEMO mchte lebhafte Diskussionen und kontroverse Debatten aufgreifen anregen und frdern die auch von einer internationalen Leserschaft verfolgt werden knnen Daher werden sowohl deutsche als auch englische Beitrge angenommen Neben arrivierten Autorinnen und Autoren sollen gerade auch junge Mitglieder der philosophischen Gemeinschaft ermutigt werden ihre berlegungen in laufende Debatten einzubringen Es wird Wert auf methodische Vielfalt gelegt Die Beitrge sollen ohne Einbuen in der akademischen Strenge unntigen Fachjargon vermeiden und argumentativ ausgerichtet sein Die elektronische Zeitschrift erscheint zwei Mal im Jahr Sie bietet doppelblind begutachtete Fachaufstze mit Originalbeitrgen zu spezifischen Fragestellungen Diskussionen die kontroverse Kommentare zu einem gegebenen Thema bndeln kritische Essays in denen aktuelle Brennpunkte der ffentlichen Debatte philosophisch beleuchtet werden Forschungsberichte und Buchbesprechungen
Zeitschrift fr Europisches Unternehmens und Verbraucherrecht;Zeitschrift fr Europisches Unternehmens und Verbraucherrecht Civil Law Public International Law Commercial Law Law general;
Zeitschrift fr Friedens und Konfliktforschung;Zeitschrift fr Friedens und Konfliktforschung Political Science and International Relations general Peace Studies Conflict Studies Terrorism and Political Violence International Relations Theory German Politics;Die Zeitschrift fr Friedens und Konfliktforschung ZeFKo ZeFKo Studies in Peace and Conflict ist ein doubleblind peer reviewed journal in dem methodisch und theoretisch reflektierte Studien aus unterschiedlichsten Disziplinen zu Fragestellungen der Friedens und Konfliktforschung verffentlicht werden Sie wird im Auftrag des Vorstands der Arbeitsgemeinschaft fr Friedens und Konfliktforschung AFK herausgegeben und verffentlicht deutsch und englischsprachige Beitrge Die ZeFKo ist ein wichtiges Kommunikationsforum fr die Auseinandersetzung um begriffliche theoretische methodische und konzeptionelle Fragen der Forschung zu Gewalt Konflikt und Frieden und regt dabei insbesondere auch die interdisziplinren Debatten in der Friedens und Konfliktforschung an Hierin einbezogen sind unter anderen Ethnologie Geographie Geschichtswissenschaft Kultur und Literaturwissenschaften Pdagogik Philosophie Politikwissenschaft Psychologie Rechtswissenschaft Soziologie und Theologie aber auch die Naturwissenschaften Mehr Informationen zur Zeitschrift fr Friedens und Konfliktforschung finden Sie auch auf der Webseite httpsafkwebdecmszeitschriftfuerfriedensundkonfliktforschungzefko Alle Hefte und Beitrge der ZeFKo aus den Jahrgngen 2011 bis einschlielich 2018 finden Sie hier httpswwwzefkonomosdeaktuellesheftundarchiv
Zeitschrift fr Gerontologie und Geriatrie;Zeitschrift fr Gerontologie und Geriatrie GeriatricsGerontology Internal Medicine Aging Social Sciences general;Der Tatsache dass immer mehr Menschen immer lter werden und das unsere Gesellschaft entscheidend mitprgt trgt die Zeitschrift fr Gerontologie und Geriatrie schon seit vielen Jahren Rechnung indem sie mit ihrem breiten Themenspektrum den interessierten Leser ber zentrale Entwicklungen in den Alternswissenschaften informiert Ergebnisse der gerontologischen und geriatrischen Forschung sowie daraus abgeleitete Interventionen Behandlungsanstze und konzeptionelle Entwicklungen werden in Originalbeitrgen publiziert Themenbezogene Hefte behandeln ausfhrlich und interdisziplinr relevante Fragen der Gerontologie in all ihren Facetten biologischen geriatrischen psychologischen soziologischen pdagogischen sozialarbeiterischen und pflegerischen Zielgruppen Geriaterinnen Gerontologinnen Alterssoziologinnen Gerontopsychologinnen Gerontopsychiaterinnen Biogerontologinnen Sozialarbeiterinnen und pdagoginnen Pflegekrfte und Pflegewissenschaftlerinnen Beschftigte in geriatrischen AbteilungenKliniken gerontologischen Instituten Einrichtungen und Institutionen in gerontologischen Handlungsfeldern sowie in der Lehre und Weiter bzw Fortbildung Ttige Offizielles wissenschaftliches Organ folgender Fachgesellschaften und Verbnde Deutsche Gesellschaft fr Gerontologie und Geriatrie DGGG Bundesverband Geriatrie BV Geriatrie Deutsche Gesellschaft fr Geriatrie DGG und der sterreichischen Gesellschaft fr Gerontologie und Geriatrie GGG Umfassende Informationen zu allen Entwicklungen in der Alternsforschung Themenbezogene Hefte behandeln Fragen der Gerontologie der Biologie und Grundlagenforschung des Alterns der geriatrischen Forschung und Therapie der Psychologie und Soziologie sowie der praktischen Altenpflege
Zeitschrift fr Grundschulforschung;Zeitschrift fr Grundschulforschung Education general Early Childhood Education Research Methods in Education Educational Policy and Politics;Die Zeitschrift fr Grundschulforschung ZfG Journal for Primary Education Research ist ein etabliertes Fachorgan fr wissenschaftliche Publikationen die sich in ihren Fragestellungen mit der Bildung im Primarbereich befassen nicht nur in nationaler sondern zunehmend auch in internationaler Perspektive Bercksichtigt werden dabei auch Problemlagen mit den der Grundschule vorgelagerten und nachfolgenden Institutionen Professionen und Praxen Die Zeitschrift sieht sich insbesondere auch als Publikationsorgan fr Theorie und Forschungsbeitrge sowie themenbezogene Diskussionsbeitrge zum Elementarbereich Mit der Fokussierung auf die Primar und Elementarbildung umfasst die Zeitschrift ein breites und komplexes Diskurs und Forschungsfeld In ihrem Adressatenkreis wendet sich die Zeitschrift an Kolleginnen und Kollegen aus der Wissenschaft der Bildungsadministration und der Bildungspraxis sowie an alle die sich forschend lehrend und lernend mit Bildung im Primar und Elementarbereich auseinandersetzen Jedes Einzelheft enthlt Forschungsbeitrge zu einem Themenschwerpunkt den das Herausgeberteam mittels eines Call for Papers im Vorfeld annonciert Zustzlich sind in jedem Heft themenungebundene offene Beitrge vertreten Passend zum jeweiligen Schwerpunktthema werden Einfhrungs und Diskussionsbeitrge publiziert und darber hinaus Rezensionen Auf der Basis von eingereichten Exposs entscheidet das Herausgeberteam ber die Anforderung von Beitrgen Diese werden einem doppelblinden PeerReviewVerfahren unterzogen
Zeitschrift fr HerzThorax und Gefchirurgie;Zeitschrift fr HerzThorax und Gefchirurgie Cardiac Surgery Thoracic Surgery Vascular Surgery;Die Zeitschrift fr Herz Thorax und Gefchirurgie ist als Offizielles Weiterbildungsorgan der Deutschen Gesellschaft fr Thorax Herz und Gefchirurgie DGTHG die Informationsplattform fr die entscheidenden Entwicklungen des Fachgebietes Sie richtet sich an junge rztinnen in der Weiterbildung und an Spezialistinnen die uptodate bleiben wollen Die Zeitschrift bietet StateoftheArtChirurgie von der Indikation bis zur Nachbehandlung aktuelle chirurgische und technologische Trends und Informationen ber neue Forschungsrichtungen Kernstck jeder Ausgabe sind Arbeiten in den Rubriken bersichten und Operative Techniken Kasuistiken zeigen ungewhnliche Krankheits bzw Behandlungsverlufe oder widmen sich juristischen Fragestellungen In der Rubrik Im Brennpunkt kommentieren Expertinnen herausragende Publikationen aus der internationalen Fachliteratur Beitrge der Rubrik CME Zertifizierte Fortbildung bieten gesicherte Ergebnisse wissenschaftlicher Forschung und machen rztliche Erfahrung fr die tgliche Praxis nutzbar Zur Wissensberprfung und zum Erwerb von CMEPunkten stehen OnlineKurse zur Verfgung Die Rubrik orientiert sich an der Weiterbildungsordnung des Fachgebiets Abwechselnd erscheinen Beitrge aus den Rubriken Ausgezeichnet Aus der Praxis fr die Praxis Evidenzbasierte Medizin KardiotechnikEKZ Management Karriere und Recht Review All articles of Zeitschrift fr Herz Thorax und Gefchirurgie are peer reviewed Declaration of Helsinki All manuscripts submitted for publication presenting results from studies on probands or patients must comply with the Declaration of Helsinki
Zeitschrift fr Hochschulrecht Hochschulmanagement und Hochschulpolitik zfhr;Zeitschrift fr Hochschulrecht Hochschulmanagement und Hochschulpolitik zfhr Public Law Public International Law Administrative Law R DTechnology Policy Management Organization;
Zeitschrift fr Immobilienkonomie;Zeitschrift fr Immobilienkonomie Real Estate Management;ZI Zeitschrift fr Immobilienkonomie German Journal of Real Estate Research is published by the Deutsche Gesellschaft fr immobilienwirtschaftliche Forschung gif eV Society of Property Researchers Germany The Journal publishes the results of real estate research that make a contribution to the advancement of the real estate sector both in Germany and internationally The papers that are published are stringently compiled in accordance with scientific method and are highly relevant for practitioners Thematically the Journal addresses the following subject areas in particular although it is not limited to them Problems in the areas property construction and real estate sector services that are involved with eg planning and development the construction operation marketing and utilisation of real estate Problems in the area of occupation of real estate that occur for instance with life cycle costing urban and regional planning construction and estate management or the management of real estate resources in corporate procedures Problems arising in the field of real estate investment concerning eg the explanation of trends in the real estate markets property valuation and appraisal real estate finance and real estate investment vehicles Problems in the areas of the governance structures of the real estate industry and the management of property companies Problems involving research and education in the real estate sector Problems concerned with political instruments to control real estate industry procedures eg analysis of the incidence of taxes duties or changes to landlord and tenant law Problems arising from the field of real estate economics These may be either micro or macroeconomic questions The scope of the Journal includes all types of real estate in particular commercial and residential property and also provides a forum for interdisciplinary topics involving the entire real estate life cycle Review Process All submitted manuscripts are first considered by the Editors and then typically sent out to two referees in a doubleblind review process ie neither authors nor reviewers know each others identities This procedure is intended to ensure and raise the validity of the science reported The reviewers who are experts in their fields will evaluate the respective manuscript in detail and if necessary make suggestions for improvements within their decision reject revision or accept The manuscript will be accepted for publication if both reviewers agree to its publication In the event of discrepancies between the reviewers the final decision is up to the Editors in charge of that manuscript to make a decision GIF Gesellschaft fr Immobilienwirtschaftliche Forschung is the Society of Property Researchers in Germany and was founded in 1993 by representatives from the academic development property and financial sectors The society has about 1300 members The aim of the society is to promote real estate research To this end GIF supports networking by different market participants the provision of an information and discussion forum for relevant questions the identification of fields of study requiring thorough analysis and the derivation of research activities support for research and teaching in the real estate field in associated disciplines together with establishing definitions and promoting the further development and improvement of professional standards For more information visit www gifevde Article Processing Charges APCs The APCs for articles accepted in the journal Zeitschrift fr Immobilienkonomie are sponsored by Gesellschaft fr Immobilienwirtschaftliche Forschung eV Society of Property Researchers in Germany There are no additional cost for submission and processing of the articles submission charges Publishes the results of real estate research both in Germany and internationally APCs are sponsored by the Gesellschaft fr Immobilienwirtschaftliche Forschung eV Submissions in English and German are welcome
Zeitschrift fr Kristallographie Mineralogie und Petrographie;Zeitschrift fr Kristallographie Mineralogie und Petrographie Mineralogy;
Zeitschrift fr Literaturwissenschaft und Linguistik;Zeitschrift fr Literaturwissenschaft und Linguistik Literature general Linguistics general Language and Literature Literary Theory;LiLi die Zeitschrift fr Literaturwissenschaft und Linguistik bietet seit 1971 einen programmatischen Brckenschlag zwischen Linguistik und Literaturwissenschaft Im konsequenten Wechsel erscheinen alle LiLi Ausgaben als Themenhefte der neueren Literaturwissenschaft Medivistik und Sprachwissenschaft setzen medien und kulturwissenschaftliche Schwerpunkte und vereinen theoretische wie historische Anstze In der Rubrik Labor erscheinen vom jeweiligen Themenheft unabhngige Forschungsbeitrge die im bergangsbereich von germanistischer Linguistik germanistischer Literaturwissenschaft und den Kulturwissenschaften liegen In der LiLi erscheinen nur Originalbeitrge die doppelblind von externen Expertinnen begutachtet werden Vorschlge fr das Labor auch in englischer Sprache sind an einen der Herausgeberinnen zu schicken
Zeitschrift fr Management;Zeitschrift fr Management Management Entrepreneurship Business and Management general;
Zeitschrift fr Parlamentsfragen;Zeitschrift fr Parlamentsfragen Social Sciences general Political Science;
Zeitschrift fr Physik A Hadrons and Nuclei;Zeitschrift fr Physik A Hadrons and nuclei Nuclear Physics Heavy Ions Hadrons Nuclear Fusion Particle Acceleration and Detection Beam Physics;
Zeitschrift fr Physik B Condensed Matter;Zeitschrift fr Physik B Condensed Matter Inorganic Chemistry Condensed Matter Physics Engineering general;
Zeitschrift fr Physik C Particles and Fields;Zeitschrift fr Physik C Particles and Fields Elementary Particles Quantum Field Theory Quantum Field Theories String Theory Nuclear Physics Heavy Ions Hadrons;
Zeitschrift fr Physik D Atoms Molecules and Clusters;Zeitschrift fr Physik D AtomsMolecules and Clusters Atomic Molecular Optical and Plasma Physics Inorganic Chemistry Physical Chemistry;
Zeitschrift fr Pneumologie;Zeitschrift fr Pneumologie PneumologyRespiratory System MedicinePublic Health general Allergology Internal Medicine Infectious Diseases Oncology;Titelnderung Bitte beachten Sie die nderung des Zeitschriftentitels von Der Pneumologe in Zeitschrift fr Pneumologie im Mai 2022 Weitere Informationen hierzu finden Sie unter wwwspringermedizindetitelupdate Zielsetzung der Zeitschrift Die Zeitschrift fr Pneumologie bietet aktuelle Fortbildung fr alle pneumologisch ttigen rztinnen und rzte in Praxis und Klinik Inhaltlich werden alle Bereiche der Pneumologie praxisnah abgedeckt Im Vordergrund stehen Prvention diagnostische Vorgehensweisen und Komplikationsmanagement sowie moderne Therapiestrategien Umfassende bersichtsarbeiten zu einem aktuellen Schwerpunktthema sind das Kernstck jeder Ausgabe Im Mittelpunkt steht gesichertes Wissen zu Diagnostik und Therapie mit hoher Relevanz fr die tgliche Arbeit Beitrge der Rubrik CME Zertifizierte Fortbildung bieten gesicherte Ergebnisse wissenschaftlicher Forschung und machen rztliche Erfahrung fr die tgliche Praxis nutzbar Nach Lektre der Beitrge knnen die Lesenden ihr erworbenes Wissen berprfen und online CMEPunkte erhalten Die Rubrik orientiert sich an der Weiterbildungsordnung des Fachgebiets Aims Scope Die Zeitschrift fr Pneumologie offers uptodate information for all pneumologists working in practical and clinical environments and scientists who are particularly interested in issues of pneumology The focus is on current developments regarding prevention diagnostic approaches management of complications and current therapy strategies Comprehensive reviews on a specific topical issue provide evidenced based information on diagnostics and therapy Review articles under the rubric Continuing Medical Education present verified results of scientific research and their integration into daily practice Indexed in Scopus Review All articles of Zeitschrift fr Pneumologie are reviewed
Zeitschrift fr Politikberatung;Zeitschrift fr Politikberatung Social Sciences general Political Science;
Zeitschrift fr Politikwissenschaft;Zeitschrift fr Politikwissenschaft Political Science and International Relations general Political Science Political Theory German Politics;Die Zeitschrift fr Politikwissenschaft ZPol Journal of Political Science versteht sich als Forum fr die gesamte Politikwissenschaft Sie bietet eine Plattform fr alle Teildisziplinen und Felder sowie fr alle Anstze und Richtungen des Fachs Als gemeinsames Band stehen dabei die Grundlagen Theorie und Praxisorientierung sowie die kritische Diskussion im Vordergrund der wissenschaftlichen Beitrge Neben Articles doubleblind peer review die im Zentrum jeder Ausgabe stehen finden sich im Focus Beitrge singleblind peer review die aktuelle Themen mit politikwissenschaftlicher Relevanz aufgreifen und diese aus der Perspektive der Teildisziplinen des Fachs analysieren und pointiert bewerten Daneben steht Platz fr Kommentare und Kurzanalysen zur Verfgung Dadurch soll die Zeitschrift strker fr wissenschaftliche Debatten und die kritische Diskussion geffnet werden In der Rubrik Teaching Research singleblind peer review werden die vielfltigen Entwicklungen und Vernderungen im hochschulpolitischen Bereich thematisiert die auf die Politikwissenschaft gravierende Auswirkungen haben Diese Rubrik dient in besonderem Mae der Selbstverortung des Fachs in den turbulenten Zeiten des PostBolognaProzesses und wagt gleichzeitig den Blick voraus zeigt Trends und Strmungen auf In der Rubrik Literature Review werden zudem zentrale Verffentlichungen zu bestimmten thematischen Schwerpunkten aus den verschiedenen Teildisziplinen der Politikwissenschaft in Aufsatzform vorgestellt
Zeitschrift fr Psychodrama und Soziometrie;Zeitschrift fr Psychodrama und Soziometrie Industrial and Organizational Psychology Pedagogic Psychology Behavioral Therapy;Psychodrama und Soziometrie in Pdagogik Psychotherapie Organisationsentwicklung Sozialarbeit Theologie Beratung Wir verffentlichen in der Zeitschrift fr Psychodrama und Soziometrie ZPS sowohl theoretische als auch praxisbezogene Beitrge und zeigen den aktuellen Stand der Auseinandersetzung mit psychodramatischen Konzepten Die Autoren stellen psychodramatische soziodramatische und soziometrische Herangehensweisen in unterschiedlichen Berufsfeldern vor und entwickeln sie weiter Die Zeitschrift will zu Forschung anregen und den Austausch unter Psychodramatikern im deutschsprachigen und internationalen Raum frdern Hintergrund Das Gesamtwerk JL Morenos 18891974 und seine Weiterentwicklung bis heute das Psychodrama steht fr eine szenische handlungsorientierte interaktive und kreativittsfrdernde Methode Sie findet Anwendung in therapeutischen pdagogischen und psychosozialen Feldern im Gruppen und Einzelsetting Psychodrama basiert auf soziologischen Theorien von Rollen Interaktionen und Sozialisation und beinhaltet eine Axiologie Philosophie Anthropologie und Soziallehre die durch unterschiedliche Strmungen wie Chassidismus Existentialismus sowie Psychoanalyse und Systemtheorie geprgt wurde Die Soziometrie ist ein von Moreno entwickeltes Verfahren der Aktionsforschung zur Analyse zwischenmenschlicher Beziehungssysteme von Kleingruppen bis zu ganzen Gesellschaften Wichtige Ziele psychodramatischen und soziometrischen Denkens und Handelns sind die Frderung von Kreativitt und Rollenentwicklung sowie die humanere Gestaltung zwischenmenschlicher Beziehungen Inhalte und Themen Theoretische Fragestellungen Errterung der Konzepte Morenos und deren Weiterentwicklung Neuentwicklung von Begriffen und Theorien Auseinandersetzung mit Anstzen anderer Herkunft zB Psychoanalyse Systemtheorie Neurowissenschaften Vermittlung praktischen psychodramatischen und soziometrischen Handelns Praxeologie Diskussion der axiologischen Basis des Psychodramas Axiome Menschenbilder Ethik Weiterentwicklung psychodramatischer soziodramatischer und soziometrischer Verfahren und Techniken Situationsanalyse Intervention und Reflexion Differenzierung nach berufsspezifischen zB Pdagogik Psychotherapie Sozialarbeit Theologie bzw ttigkeitsspezifischen Fragestellungen zB Suchtberatung Paar und Familienberatung Mediation Organisationsentwicklung Forschungsmethodisches Handeln Problemlsungsprozess Evaluation Selbstevaluation
Zeitschrift fr Rheumatologie;Zeitschrift fr Rheumatologie Rheumatology Internal Medicine Immunology Laboratory Medicine Orthopedics MedicinePublic Health general;Zielsetzung der Zeitschrift Die Zeitschrift fr Rheumatologie ist ein international angesehenes Publikationsorgan und dient der Fortbildung von niedergelassenen und in der Klinik ttigen Rheumatologen Die Zeitschrift widmet sich allen Aspekten der klinischen Rheumatologie der Therapie rheumatischer Erkrankungen sowie der rheumatologischen Grundlagenforschung Umfassende bersichtsarbeiten zu einem aktuellen Schwerpunktthema sind das Kernstck jeder Ausgabe Im Mittelpunkt steht dabei gesichertes Wissen zu Diagnostik und Therapie mit hoher Relevanz fr die tgliche Arbeit der Leser erhlt konkrete Handlungsempfehlungen Frei eingereichte Originalien ermglichen die Prsentation wichtiger klinischer Studien und dienen dem wissenschaftlichen Austausch Kasuistiken zeigen interessante Fallbeispiele und ungewhnliche Krankheits bzw Behandlungsverlufe Beitrge der Rubrik CME Zertifizierte Fortbildung bieten gesicherte Ergebnisse wissenschaftlicher Forschung und machen rztliche Erfahrung fr die tgliche Praxis nutzbar Nach Lektre der Beitrge kann der Leser sein erworbenes Wissen berprfen und online CMEPunkte erhalten Die Rubrik orientiert sich an der Weiterbildungsordnung des Fachgebiets Aims Scope Zeitschrift fr Rheumatologie is an internationally recognized journal dealing with all aspects of clinical rheumatology the therapy of rheumatic diseases and fundamental research in the field of rheumatology The journal addresses both rheumatologists with own practices and those working in hospitals Comprehensive reviews on a specific topical issue focus on providing evidenced based information on diagnostics and therapy Case reports feature interesting cases and aim at optimizing diagnostic and therapeutic strategies Review articles under the rubric Continuing Medical Education present verified results of scientific research and their integration into daily practice Review All articles of Zeitschrift fr Rheumatologie are reviewed Original articles and case reports undergo a peer review process Declaration of Helsinki All manuscripts submitted for publication presenting results from studies on probands or patients must comply with the Declaration of Helsinki Indexed in Science Citation Index Expanded Medline EMBASE and Scopus
Zeitschrift fr Vergleichende Politikwissenschaft;Zeitschrift fr Vergleichende Politikwissenschaft Political Science and International Relations general Comparative Politics Governance and Government German Politics;Die Zeitschrift fr Vergleichende Politikwissenschaft ZfVP German Journal of Comparative Politics wurde 2007 gegrndet und ist ein international angesehenes Journal mit hohen Qualittsstandards doubleblind peer review Sie erscheint viermal pro Jahr und ist die erste zweisprachige Zeitschrift Deutsch und Englisch fr innovative Forschungsergebnisse aus dem Bereich der Vergleichenden Politikwissenschaft Die ZfVP versteht sich als zentrales wissenschaftliches Forum fr herausragende Forschungsleistungen der Vergleichenden Politikwissenschaft und bildet die ganze Bandbreite komparativer Forschung ab Publiziert werden konzeptionelle methodische und empirische Studien aus allen Forschungsfeldern der politikwissenschaftlichen Subdisziplin Special Issues und Special Sections Special Issues und Special Sections sollen die Mglichkeit bieten Schwerpunktthemen der komparativen Forschung gebndelt zu prsentieren Alle Beitrge durchlaufen auch hier ein doubleblind peerreview Verfahren das ber das elektronische Einreichungs und Begutachtungssysten von dem Herausgebergremium in intensiver Rcksprache mit den Gastherausgeberinnen durchgefhrt wird Das Herausgebergremium initiiert mgliche Schwerpunkthefte eigenstndig ber offene Call for Papers Gleichzeitig sind die Herausgeberinnen dankbar fr Vorschlge und Initiativen aus der komparativen Community Proposals fr Special Issues und Special Sections durchlaufen ein redaktionsinternes Begutachtungsverfahren In Special Issues werden mindestens sechs von Gastherausgeberinnen einzuwerbende Beitrge zusammengefasst und durch eine Einleitung der Gastherausgeberinnen ergnzt Sie erscheinen im Rahmen der vier Ausgaben als komplettes Heft Special Sections hingegen bestehen aus mindestens drei Beitrgen die durch eine Einleitung der Gastherausgeberinnen ergnzt werden Sie erscheinen im Rahmen der vier Ausgaben als Teil eines regulren Heftes
Zeitschrift fr Weiterbildungsforschung;Zeitschrift fr Weiterbildungsforschung Education general Lifelong LearningAdult Education Professional and Vocational Education International and Comparative Education;Die Zeitschrift fr Weiterbildungsforschung ZfW Journal for Research on Adult Education nimmt seit dem 1 Januar 2021 als FullyOpenAccessJournal an dem deutschen Publish and ReadLizenzvertrag DEAL zwischen Springer Nature und dem Projekt DEAL teil Die Artikelpublikationsgebhr APC fr die Verffentlichung eines Open AccessArtikels werden von den am Projekt DEAL teilnehmenden Institutionen bernommen sofern die korrespondierenden Autorinnen und Autoren dieser angehren Dies sind in der Regel alle deutschen Hochschulen und Forschungseinrichtungen Die ZfW ist in Deutschland das anerkannte Fachorgan fr Forschungsdiskurse und ergebnisse der Erwachsenen und Weiterbildungswissenschaft und angrenzender Disziplinen Sie wurde in den 1970er Jahren als erste und einzige deutsche Zeitschrift gegrndet die sich ausschlielich auf die Erwachsenenbildungswissenschaft bezog Die Zeitschrift fr Weiterbildungsforschung prsentiert qualitativ hochwertige Forschungsergebnisse zum Lernen Erwachsener fokussiert den wissenschaftlichen Diskurs zu Bildung und zum Lernen von Erwachsenen befrdert den Austausch mit allen wissenschaftlichen Disziplinen die zur Erwachsenenbildung forschen trgt zur Integration der deutschen Forschung zur Erwachsenenbildung in den internationalen Kontext bei erffnet Horizonte fr knftige Forschungen Die Zeitschrift erscheint dreimal jhrlich jeweils im April August und Dezember Die Zeitschrift publiziert neben deutsch auch englischsprachige Beitrge Alle Beitrge sind sofort nach Publikation Open Access und damit fr jeden weltweit frei und dauerhaft verfgbar Artikelpublikationsgebhren Article Processing Charges APCs Das Deutsche Institut fr Erwachsenenbildung DIE gewhrt bestimmten Autorinnen und Autoren finanzielle Untersttzung bei der Artikelpublikationsgebhr fr ihren Beitrag EUR1290USD1690GBP1040 Gern steht Ihnen die Redaktion bei Rckfragen zu den Finanzierungsmglichkeiten zur Verfgung Beim Einreichen eines Artikels im elektronischen Einreichungs und Begutachtungssystem werden die Autorinnen und Autoren die nicht an einer am Projekt DEAL teilnehmenden Institution ttig sind gebeten einen Code anzugeben damit die Artikelpublikationsgebhr APC von dem Deutschen Institut fr Erwachsenenbildung DIE bernommen wird BBDIEZWFW1220 Weitere Informationen hierzu finden Sie hier Fr die Einreichung und Bearbeitung von Artikeln werden keine weiteren Gebhren Submission Charges erhoben Covers all associated disciplines involved in adult and continuing education Contributes to the integration of German adult education in the international context Welcomes manuscripts submitted in German and English by authors from around the world
Zeitschrift fr angewandte Mathematik und Physik;Zeitschrift fr angewandte Mathematik und Physik Theoretical and Applied Mechanics Mathematical Methods in Physics;Please note this journals peer review system has changed it now uses Snapp Springer Natures Article Processing Platform See the journal updates page for more information The Journal of Applied Mathematics and Physics ZAMP publishes papers of high scientific quality in Fluid Mechanics Mechanics of Solids and Differential EquationsApplied Mathematics A paper will be considered for publication if at least one of the following conditions is fulfilled The paper includes results or discussions which can be considered original and highly interesting The paper presents a new method The author reviews a problem or a class of problems with such profound insight that further research is encouraged The readers of ZAMP will find not only articles in their own special field but also original work in neighbouring domains This will lead to an exchange of ideas concepts and methods which have proven to be successful in one field may well be useful to other areas ZAMP attempts to publish articles reasonably quickly Longer papers are published in the section Original Papers shorter ones may appear under Brief Reports where publication is particularly rapid The journal includes a Book Review section and provides information on activities such as upcoming symposia meetings or special courses which are of interest to its readers Bibliographic Data Z Angew Math Phys First published in 1950 1 volume per year 6 issues per volume approx 2600 pages per volume ISSN 00442275 print ISSN 1420 9039 electronic AMS Mathematical Citation Quotient 136 2021 ZAMP was founded in 1950 and translates into Journal of Applied Mathematics and Physics Publishes peerreviewed scientific papers and brief reports in Fluid Mechanics Mechanics of Solids and Differential EquationsApplied Mathematics Coverage extends to original work in neighbouring domains
Zeitschrift fr die gesamte Neurologie und Psychiatrie;Zeitschrift fr die gesamte Neurologie und Psychiatrie Psychiatry;
Zeitschrift fr die gesamte Versicherungswissenschaft;Zeitschrift fr die gesamte Versicherungswissenschaft Investments and Securities MacroeconomicsMonetary EconomicsFinancial Economics Commercial Law Public Health;Zeitschrift fr die gesamte Versicherungswissenschaft German Journal of Risk and Insurance will be published by Duncker Humblot as of 2023 For this reason we are no longer receiving submissions for the journal If you are an author with an active submission that is still under review please continue with your submission at httpswwweditorialmanagercomzgvwdefault2aspx and log in as done before Your submission will be completed within the next weeks or you will be informed by the editors about the next steps If you are an author who wishes to submit a new submission to the journal please contact Dr Ute Lohse at ulivblunihannoverde All articles published in the journal during its time with Springer will remain fully searchable through our websites Thank you for your understanding Die Zeitschrift fr die gesamte Versicherungswissenschaft hat zum Ziel den interdisziplinren Diskurs zwischen den Fachgebieten die sich mit Fragen der Versicherungswissenschaften beschftigen zu frdern Entsprechend enthlt sie versicherungskonomische mathematische rechtliche und medizinische Beitrge Die Zeitschrift erscheint seit 1901 und gehrt damit zu den ltesten versicherungswissenschaftlichen Zeitschriften der Welt
Zeitschrift fr experimentelle Pathologie und Therapie;Zeitschrift fr die experimentelle Pathologie Internal Medicine;
Zeitschrift fr ffentliches Recht;Zeitschrift fr ffentliches Recht Public Law Fundamentals of Law Private International Law International Foreign Law Comparative Law Public International Law Constitutional Law Administrative Law;
Zentralblatt fr Arbeitsmedizin Arbeitsschutz und Ergonomie;Zentralblatt fr Arbeitsmedizin Arbeitsschutz und Ergonomie Occupational MedicineIndustrial Medicine;Zielsetzung der Zeitschrift Das Zentralblatt fr Arbeitsmedizin Arbeitsschutz und Ergonomie ist eine der ltesten deutschsprachigen wissenschaftlichen Fachzeitschriften im Bereich Arbeit Umwelt Gesundheit und Sicherheit Es bietet ein Forum fr frei eingereichte Originalartikel bersichten Short Communications und Kasuistiken Die Fachzeitschrift ermglicht einen wissenschaftlichen Erfahrungsaustausch und stellt optimale Problemlsungen zur Verfgung Die Zielgruppen der Zeitschrift sind Arbeitsmediziner Sozialmediziner Umweltmediziner Sicherheitsingenieure Arbeitswissenschaftler sowie andere Gruppen und Institutionen die eng mit der Arbeits Sozial und Umweltmedizin sowie dem Arbeitsschutz und der Ergonomie verbunden sind Durch vertiefende Forschungsartikel und bersichten werden Fachpersonen aus der Arbeits Sozial und Umweltmedizin ber neue medizinische Entwicklungen und Gesetze in der Prvention Diagnose und Rehabilitation von umweltbedingten Erkrankungen und arbeitsbedingten Verletzungen und Erkrankungen auf dem Laufenden gehalten Originalarbeiten und bersichten liefern Ergebnisse der aktuellen Forschung und deren Integration in die tgliche Praxis Die Spanne der Themen reicht dabei von toxikologischen Fragestellungen ber die Reise und Tropenmedizin und PublicHealthAspekten bis hin zur Versorgungsforschung und Ergonomie Begutachtung Alle Artikel des Zentralblattes fr Arbeitsmedizin Arbeitsschutz und Ergonomie durchlaufen ein PeerReviewVerfahren Deklaration von Helsinki Alle zur Verffentlichung eingereichten Manuskripte die Ergebnisse von Studien an Probanden oder Patienten enthalten mssen der Deklaration von Helsinki entsprechen Indiziert in Emerging Sources Citation Index ESCI Embase und Scopus Aims Scope Zentralblatt fr Arbeitsmedizin Arbeitsschutz und Ergonomie is one of the oldest scientific journals devoted to the field of work environment health and safety edited in the German language It offers a forum for freely submitted original articles reviews short communications and case reports The journal enables a scientific exchange of experience and provides optimal solutions to problems The target groups of the journal are occupational physicians safety engineers occupational scientists and other groups and institutions closely related to occupational safety and environmental medicine as well as industrial safety and ergonomics Indepth research articles and reviews keep occupational social and environmental medicine professionals up to date on new medical developments and laws in the prevention diagnosis and rehabilitation of environmentally induced conditions and workrelated injuries and illnesses Original papers and review articles provide results of the current research and their integration into daily practice Topics range from the fields of toxicology traveltropical medicine and public health aspects to health services research and ergonomics Review All articles of Zentralblatt fr Arbeitsmedizin Arbeitsschutz und Ergonomie undergo a peer review process Declaration of Helsinki All manuscripts submitted for publication presenting results from studies on probands or patients must comply with the Declaration of Helsinki Indexed in Emerging Sources Citation Index ESCI Embase and Scopus
Zoological Letters;Zoological Letters Zoology Animal Physiology Paleontology;
Zoological Studies;Zoological Studies Zoology;
Zoomorphology;Zoomorphology Animal Anatomy Morphology Histology Developmental Biology Evolutionary Biology Animal SystematicsTaxonomyBiogeography;2022 Reinhard Rieger Award winner announced Click here for details The journal Zoomorphology publishes original research papers based on morphological investigation of invertebrates and vertebrates reviews designed as comparative surveys summarizing current knowledge from an evolutionary perspective and method papers presenting new approaches or reviews on methods used in animal morphology Coverage spans the macroscopic microscopic and ultrastructural levels including embryological studies The journal places special emphasis on Comparison Studies comparing morphological and anatomical structures in an evolutionary context Function Studies relating structure and function Integration Studies on the relation between structuralfunctional systems of animals and their general biology Evolution Studies on the evolution of morphological and anatomical structures on the basis of sound phylogenies Development Studies on the spatiotemporal formation of morphological and anatomical structures Presents original research papers based on morphological investigation of invertebrates and vertebrates Offers reviews designed as comparative surveys summarizing current knowledge from an evolutionary perspective Publishes method papers presenting new approaches or reviews on methods used in animal morphology Emphasizes comparison function integration evolution and development Offers the annual Reinhard Rieger Award in Zoomorphology
Zorg Welzijn;Zorg Welzijn Social Work;Zorg Welzijn helpt professionals die werken in het sociale domein Door discussie op te roepen en te voeden verbinding te creren tussen de professionals die met elkaar werken rondom kwetsbare mensen Doel is om verbinding te creren tussen de lagen in de ZWorganisaties tussen bestuurbeleid en uitvoerend werkers Zorg Welzijn biedt de lezers context en achtergrond
Zorg en Financiering;Zorg en Financiering MedicinePublic Health general;
Zorgvisie;Zorgvisie Health Care Management;Zorgvisie geeft een scherpe selectie van nieuws achtergronden en analyses in de gezondheidszorg Zorgvisie zoekt de verdieping en informeert over oplossingen die de zorg beter maken Zorgvisie geeft maandelijks toegang tot spraakmakende interviews best practices achtergrondverhalen analyses en themaartikelen
Zorgvisie tech;Zorgvisie tech Health Care Management Health Informatics;Tot 2023 gaf Zorgvisie iedere twee maanden Zorgvisie tech magazine uit met achtergrondverhalen interviews en opinies over het gebruik van technologie in de zorg Technologie is een belangrijk thema op Zorgvisie het is een van de oplossingen tegen problemen op de arbeidsmarkt patinten en clinten zijn dankzij technologie in staat om regie te nemen over hun gezondheid en door het vergelijken van data kan de zorg worden verbeterd
